internship_id,student_id,category_allotted,round_position,gpa,reservation,rural,gender,sector,stipend,location_type,final_score
I001,S00021,SC,1,8.3,SC,0,M,Research,4500,Tier3,0.43479878278658124
I001,S00284,ST,2,7.69,ST,0,M,Research,4500,Tier3,0.46993963769746316
I001,S00643,OBC,3,9.32,OBC,1,M,Research,4500,Tier3,0.5953975681703081
I001,S00130,OBC,4,8.15,OBC,1,M,Research,4500,Tier3,0.5347608530101188
I001,S00103,OBC,5,9.12,OBC,0,F,Research,4500,Tier3,0.4589440450789225
I001,S01751,UR,6,8.71,GEN,1,F,Research,4500,Tier3,0.5343673175555084
I001,S01674,UR,7,9.28,GEN,1,M,Research,4500,Tier3,0.49694514793383965
I001,S01298,UR,8,8.94,GEN,0,M,Research,4500,Tier3,0.48829722649853013
I001,S00772,UR,9,8.91,GEN,0,M,Research,4500,Tier3,0.48829722649853013
I001,S01414,UR,10,8.93,GEN,0,M,Research,4500,Tier3,0.48038732666482875
I001,S00544,UR,11,7.63,ST,0,M,Research,4500,Tier3,0.4595201108342255
I001,S00512,UR,12,7.86,ST,0,F,Research,4500,Tier3,0.45452892438042436
I001,S00839,RURAL,13,7.85,GEN,1,F,Research,4500,Tier3,0.44710699057574527
I002,S00028,SC,1,9.86,SC,0,M,Finance,5000,Metro,0.7197436457200486
I002,S00899,ST,2,7.61,ST,0,F,Finance,5000,Metro,0.6892613580654119
I002,S00029,OBC,3,8.13,OBC,0,M,Finance,5000,Metro,0.7138899272287678
I002,S01815,OBC,4,8.34,OBC,0,O,Finance,5000,Metro,0.7138899272287678
I002,S01819,UR,5,9.05,GEN,1,F,Finance,5000,Metro,0.7220942866830226
I002,S01462,UR,6,8.44,GEN,1,F,Finance,5000,Metro,0.7220942866830226
I002,S01584,UR,7,9.02,GEN,0,M,Finance,5000,Metro,0.7184915475454042
I002,S01273,UR,8,9.27,GEN,0,F,Finance,5000,Metro,0.7173489048013174
I002,S01346,UR,9,8.28,GEN,1,M,Finance,5000,Metro,0.7138899272287678
I002,S00883,UR,10,8.34,GEN,1,M,Finance,5000,Metro,0.7138899272287678
I002,S00377,RURAL,11,9.33,SC,1,M,Finance,5000,Metro,0.703786466724898
I003,S01752,SC,1,8.01,SC,0,M,Manufacturing,5500,Tier2,0.6840556586139206
I003,S00083,ST,2,9.7,ST,0,F,Manufacturing,5500,Tier2,0.5062963013047864
I003,S00847,OBC,3,7.55,OBC,0,F,Manufacturing,5500,Tier2,0.6576074766426743
I003,S01076,OBC,4,7.5,OBC,0,F,Manufacturing,5500,Tier2,0.6351048232844543
I003,S01027,OBC,5,9.7,OBC,0,F,Manufacturing,5500,Tier2,0.5374880623575106
I003,S00970,UR,6,9.34,GEN,0,M,Manufacturing,5500,Tier2,0.7040486912107103
I003,S01461,UR,7,9.48,GEN,0,M,Manufacturing,5500,Tier2,0.6940878693887903
I003,S00605,UR,8,7.53,GEN,0,F,Manufacturing,5500,Tier2,0.6351048232844543
I003,S01231,UR,9,9.97,GEN,0,F,Manufacturing,5500,Tier2,0.5765250455593548
I003,S01879,UR,10,7.44,GEN,1,F,Manufacturing,5500,Tier2,0.575380826810207
I003,S01266,UR,11,9.86,GEN,1,M,Manufacturing,5500,Tier2,0.5700261782263254
I003,S01845,UR,12,9.74,GEN,0,F,Manufacturing,5500,Tier2,0.5651506380363089
I003,S01886,RURAL,13,9.97,SC,1,F,Manufacturing,5500,Tier2,0.5619057890659098
I004,S00539,SC,1,9.69,SC,1,M,IT,5000,Metro,0.551399190411122
I004,S01367,ST,2,8.39,ST,0,F,IT,5000,Metro,0.5678859560177848
I004,S01753,OBC,3,8.21,OBC,0,M,IT,5000,Metro,0.6380730590979444
I004,S00255,OBC,4,8.21,OBC,0,F,IT,5000,Metro,0.6380730590979444
I004,S01330,UR,5,8.17,GEN,0,F,IT,5000,Metro,0.6472591659704167
I004,S01833,UR,6,8.26,OBC,0,M,IT,5000,Metro,0.6380730590979444
I004,S00542,UR,7,9.28,GEN,1,M,IT,5000,Metro,0.6309624414032271
I004,S01150,UR,8,8.95,GEN,0,M,IT,5000,Metro,0.6267836320559527
I004,S00657,UR,9,9.6,GEN,0,F,IT,5000,Metro,0.6149674430866834
I004,S01488,UR,10,7.74,GEN,0,M,IT,5000,Metro,0.6015158042178164
I004,S01011,RURAL,11,9.68,GEN,1,M,IT,5000,Metro,0.5614375237437308
I005,S01551,SC,1,9.3,SC,0,M,Govt,5000,Metro,0.7040486912107103
I005,S00380,ST,2,8.86,ST,0,M,Govt,5000,Metro,0.5683391236399196
I005,S00513,OBC,3,8.65,OBC,0,M,Govt,5000,Metro,0.7082541160968113
I005,S01168,UR,4,8.42,OBC,1,M,Govt,5000,Metro,0.7016104066922777
I005,S01380,RURAL,5,8.39,GEN,1,F,Govt,5000,Metro,0.6942094918201137
I006,S01064,SC,1,7.92,SC,0,F,IT,5000,Metro,0.5670755698743091
I006,S00683,ST,2,9.87,ST,0,M,IT,5000,Metro,0.570172267374969
I006,S01712,OBC,3,8.35,OBC,0,F,IT,5000,Metro,0.6785507818654071
I006,S01859,OBC,4,9.97,OBC,0,F,IT,5000,Metro,0.6193519533974843
I006,S00401,UR,5,8.06,GEN,0,M,IT,5000,Metro,0.6423194824866905
I006,S01131,UR,6,9.83,GEN,1,M,IT,5000,Metro,0.6365047362298367
I006,S01408,UR,7,8.02,GEN,0,F,IT,5000,Metro,0.6335836147960904
I006,S00886,UR,8,9.0,GEN,0,F,IT,5000,Metro,0.628712820723081
I006,S00585,RURAL,9,9.76,OBC,1,F,IT,5000,Metro,0.6138341923341966
I007,S00528,SC,1,7.98,SC,0,M,Research,4500,Tier3,0.21264354062687482
I007,S00385,ST,2,7.76,ST,1,M,Research,4500,Tier3,0.2657787367809678
I007,S00642,OBC,3,6.68,OBC,1,M,Research,4500,Tier3,0.36749484092490736
I007,S01581,OBC,4,7.59,OBC,1,F,Research,4500,Tier3,0.2313249514675283
I007,S00748,UR,5,8.49,GEN,0,O,Research,4500,Tier3,0.5395471070963217
I007,S01463,UR,6,7.54,GEN,0,F,Research,4500,Tier3,0.5216403867948313
I007,S00469,UR,7,7.61,GEN,0,M,Research,4500,Tier3,0.3707487231288638
I007,S00120,UR,8,7.37,GEN,0,M,Research,4500,Tier3,0.34063661432104847
I007,S00001,RURAL,9,7.45,GEN,1,M,Research,4500,Tier3,0.284297837754263
I008,S01668,SC,1,9.87,SC,1,M,Govt,5000,Tier2,0.5666195375507321
I008,S00080,ST,2,7.73,ST,1,O,Govt,5000,Tier2,0.6801459746822567
I008,S00422,OBC,3,9.29,OBC,0,M,Govt,5000,Tier2,0.7040486912107103
I008,S01356,OBC,4,8.24,OBC,0,M,Govt,5000,Tier2,0.6942094918201137
I008,S00382,UR,5,8.29,OBC,1,F,Govt,5000,Tier2,0.6942094918201137
I008,S00933,UR,6,8.48,GEN,0,M,Govt,5000,Tier2,0.6835691794620915
I008,S01616,UR,7,7.63,GEN,0,M,Govt,5000,Tier2,0.6327020216975328
I008,S01038,UR,8,9.78,GEN,1,F,Govt,5000,Tier2,0.6075634962482889
I008,S00518,UR,9,9.96,GEN,0,M,Govt,5000,Tier2,0.5769164066288884
I008,S00830,UR,10,9.78,GEN,1,M,Govt,5000,Tier2,0.5675316482365454
I008,S00918,RURAL,11,9.94,GEN,1,F,Govt,5000,Tier2,0.5666195375507321
I009,S01659,SC,1,8.27,SC,0,F,Govt,4500,Metro,0.18751084191259745
I009,S01316,ST,2,7.74,ST,0,F,Govt,4500,Metro,0.21980445331539747
I009,S01917,OBC,3,7.99,OBC,0,M,Govt,4500,Metro,0.18867933312613347
I009,S01558,OBC,4,7.98,OBC,0,M,Govt,4500,Metro,0.18615060148822252
I009,S01955,UR,5,7.74,ST,1,F,Govt,4500,Metro,0.1917076441329113
I009,S00250,UR,6,8.0,GEN,0,M,Govt,4500,Metro,0.19025625604107826
I009,S01184,UR,7,8.0,GEN,0,M,Govt,4500,Metro,0.19025625604107826
I009,S00149,UR,8,8.0,GEN,0,M,Govt,4500,Metro,0.19025625604107826
I009,S01683,RURAL,9,9.14,GEN,1,F,Govt,4500,Metro,0.186413096346165
I010,S00698,SC,1,9.7,SC,0,M,Healthcare,5500,Tier2,0.524578133022386
I010,S01565,ST,2,9.74,ST,1,M,Healthcare,5500,Tier2,0.4343946937492378
I010,S00795,OBC,3,9.77,OBC,0,F,Healthcare,5500,Tier2,0.5676612253809767
I010,S01673,UR,4,9.66,GEN,0,M,Healthcare,5500,Tier2,0.5696741571140544
I010,S01159,RURAL,5,9.52,GEN,1,M,Healthcare,5500,Tier2,0.508023730292837
I011,S01301,SC,1,9.7,SC,0,M,Govt,5500,Tier3,0.5188536954850348
I011,S00729,ST,2,9.75,ST,0,M,Govt,5500,Tier3,0.43698585480805785
I011,S00845,OBC,3,9.66,OBC,0,M,Govt,5500,Tier3,0.5449949460629243
I011,S00618,OBC,4,9.83,OBC,0,M,Govt,5500,Tier3,0.53728051473746
I011,S00418,UR,5,9.78,GEN,0,M,Govt,5500,Tier3,0.5503829773219688
I011,S00763,UR,6,9.68,GEN,0,M,Govt,5500,Tier3,0.5302174890367654
I011,S01151,UR,7,9.66,GEN,0,M,Govt,5500,Tier3,0.5302174890367654
I011,S00671,UR,8,9.74,GEN,0,F,Govt,5500,Tier3,0.5188536954850348
I011,S01034,UR,9,9.96,GEN,0,F,Govt,5500,Tier3,0.5182227252325898
I011,S01058,UR,10,9.97,GEN,0,M,Govt,5500,Tier3,0.5182227252325898
I011,S00753,RURAL,11,9.97,GEN,1,F,Govt,5500,Tier3,0.49477335942113043
I012,S01821,SC,1,9.15,SC,0,F,Healthcare,5000,Metro,0.6870167200406866
I012,S00105,ST,2,7.37,ST,0,F,Healthcare,5000,Metro,0.6542130653864
I012,S00322,OBC,3,9.28,OBC,0,F,Healthcare,5000,Metro,0.7128272686215761
I012,S01084,OBC,4,8.43,OBC,1,M,Healthcare,5000,Metro,0.705428531025181
I012,S00827,UR,5,9.79,GEN,0,M,Healthcare,5000,Metro,0.7049002700588082
I012,S01739,UR,6,8.84,GEN,0,M,Healthcare,5000,Metro,0.7030463304833774
I012,S00408,UR,7,9.93,GEN,0,M,Healthcare,5000,Metro,0.7028574259959207
I012,S00900,UR,8,8.73,GEN,1,F,Healthcare,5000,Metro,0.6979232287453954
I012,S01169,RURAL,9,8.2,GEN,1,M,Healthcare,5000,Metro,0.6972390198388413
I013,S00573,SC,1,9.94,SC,1,F,Govt,5000,Tier2,0.4960587894878664
I013,S01138,ST,2,9.53,ST,1,M,Govt,5000,Tier2,0.45211965690059147
I013,S01225,OBC,3,9.95,OBC,0,M,Govt,5000,Tier2,0.5390440571505737
I013,S00032,OBC,4,9.67,OBC,0,F,Govt,5000,Tier2,0.5258391381278307
I013,S01023,UR,5,9.95,GEN,0,F,Govt,5000,Tier2,0.5390440571505737
I013,S01295,UR,6,9.91,GEN,0,M,Govt,5000,Tier2,0.5390440571505737
I013,S01020,UR,7,9.67,GEN,0,M,Govt,5000,Tier2,0.5258391381278307
I013,S01487,UR,8,9.68,GEN,0,M,Govt,5000,Tier2,0.5258391381278307
I013,S01428,UR,9,9.67,GEN,0,F,Govt,5000,Tier2,0.5258391381278307
I013,S00039,UR,10,9.8,OBC,0,F,Govt,5000,Tier2,0.5221861363923093
I013,S01984,RURAL,11,9.85,GEN,1,M,Govt,5000,Tier2,0.5139850615545343
I014,S00112,SC,1,9.67,SC,1,F,Research,5000,Tier3,0.5040959833759795
I014,S00355,ST,2,9.81,ST,0,M,Research,5000,Tier3,0.40919226510959905
I014,S01549,OBC,3,9.96,OBC,1,M,Research,5000,Tier3,0.5099773875570465
I014,S01947,UR,4,8.32,GEN,0,M,Research,5000,Tier3,0.6900969277916448
I014,S00209,UR,5,9.77,GEN,1,M,Research,5000,Tier3,0.5111765297753814
I014,S00867,UR,6,9.78,GEN,0,F,Research,5000,Tier3,0.49648426408994245
I014,S01265,RURAL,7,9.92,OBC,1,M,Research,5000,Tier3,0.4895472558168353
I015,S01355,SC,1,8.86,SC,0,M,IT,5000,Metro,0.6933755416248517
I015,S01248,ST,2,9.87,ST,0,F,IT,5000,Metro,0.3852220321283467
I015,S01113,OBC,3,8.09,OBC,1,M,IT,5000,Metro,0.6942094918201137
I015,S00100,OBC,4,9.92,OBC,0,F,IT,5000,Metro,0.5122959259383826
I015,S00331,UR,5,8.63,GEN,0,M,IT,5000,Metro,0.7003130915805145
I015,S00575,UR,6,7.92,SC,0,M,IT,5000,Metro,0.6347683655787674
I015,S01384,UR,7,9.92,GEN,0,F,IT,5000,Metro,0.5122959259383826
I015,S00486,UR,8,9.88,OBC,0,M,IT,5000,Metro,0.5122959259383826
I015,S01302,UR,9,9.38,GEN,1,M,IT,5000,Metro,0.5093349246227808
I015,S00451,UR,10,9.9,GEN,1,F,IT,5000,Metro,0.508642602283311
I015,S00810,RURAL,11,9.96,GEN,1,F,IT,5000,Metro,0.5072370870020693
I016,S01713,SC,1,9.57,SC,1,F,Govt,5000,Tier2,0.4787512170660187
I016,S01261,ST,2,8.95,ST,0,M,Govt,5000,Tier2,0.377055810368443
I016,S01508,OBC,3,9.06,OBC,0,M,Govt,5000,Tier2,0.4487785815807538
I016,S00038,OBC,4,9.98,OBC,0,M,Govt,5000,Tier2,0.43538693712579246
I016,S00204,OBC,5,9.76,OBC,0,M,Govt,5000,Tier2,0.42794770166957424
I016,S00198,UR,6,9.37,GEN,1,F,Govt,5000,Tier2,0.5336766024616637
I016,S00607,UR,7,9.97,GEN,1,M,Govt,5000,Tier2,0.5072370870020693
I016,S01901,UR,8,9.65,GEN,0,M,Govt,5000,Tier2,0.5064771694233513
I016,S00086,UR,9,9.79,GEN,1,F,Govt,5000,Tier2,0.496991843137978
I016,S01450,UR,10,9.25,GEN,0,M,Govt,5000,Tier2,0.4937756264014451
I016,S01296,UR,11,9.87,GEN,1,F,Govt,5000,Tier2,0.48672974549950015
I016,S00015,UR,12,9.67,GEN,0,M,Govt,5000,Tier2,0.4437916403400221
I016,S00293,RURAL,13,9.62,GEN,1,M,Govt,5000,Tier2,0.4337948044764312
I017,S01604,SC,1,8.6,SC,1,M,Healthcare,5500,Metro,0.7003130915805145
I017,S00077,ST,2,8.26,ST,0,F,Healthcare,5500,Metro,0.5892672877303047
I017,S00534,OBC,3,9.13,OBC,0,F,Healthcare,5500,Metro,0.6933755416248517
I017,S01435,OBC,4,8.5,OBC,0,M,Healthcare,5500,Metro,0.6835691794620915
I017,S00890,OBC,5,7.77,OBC,1,F,Healthcare,5500,Metro,0.6222918189507032
I017,S01439,UR,6,8.47,GEN,0,F,Healthcare,5500,Metro,0.6909843852953229
I017,S01993,UR,7,7.51,GEN,1,M,Healthcare,5500,Metro,0.6351048232844543
I017,S01509,UR,8,7.95,GEN,1,M,Healthcare,5500,Metro,0.6347683655787674
I017,S00738,UR,9,7.79,GEN,0,M,Healthcare,5500,Metro,0.6222918189507032
I017,S00536,UR,10,7.87,SC,0,M,Healthcare,5500,Metro,0.618680881701676
I017,S01735,UR,11,7.89,OBC,0,M,Healthcare,5500,Metro,0.618680881701676
I017,S00562,UR,12,7.45,OBC,0,M,Healthcare,5500,Metro,0.575380826810207
I017,S01421,RURAL,13,9.59,OBC,1,M,Healthcare,5500,Metro,0.4738729622000482
I018,S00951,SC,1,8.85,SC,0,F,Manufacturing,5000,Metro,0.7184915475454042
I018,S00925,ST,2,7.91,ST,1,F,Manufacturing,5000,Metro,0.6970925054434899
I018,S00031,OBC,3,9.77,OBC,0,M,Manufacturing,5000,Metro,0.7198756012909853
I018,S00144,OBC,4,8.65,OBC,1,F,Manufacturing,5000,Metro,0.7150789096081187
I018,S00179,UR,5,8.49,GEN,1,F,Manufacturing,5000,Metro,0.7220942866830226
I018,S01026,UR,6,9.19,GEN,1,F,Manufacturing,5000,Metro,0.7220942866830226
I018,S01185,UR,7,8.85,GEN,0,F,Manufacturing,5000,Metro,0.7184915475454042
I018,S01536,UR,8,9.61,GEN,1,M,Manufacturing,5000,Metro,0.718325721389536
I018,S00259,UR,9,9.15,GEN,0,M,Manufacturing,5000,Metro,0.7138899272287678
I018,S00114,UR,10,8.12,OBC,0,M,Manufacturing,5000,Metro,0.7138899272287678
I018,S01018,RURAL,11,8.25,GEN,1,F,Manufacturing,5000,Metro,0.7138899272287678
I019,S00489,SC,1,8.92,SC,0,M,Manufacturing,5500,Metro,0.7184915475454042
I019,S01866,ST,2,7.58,ST,0,M,Manufacturing,5500,Metro,0.7056339854746863
I019,S00237,OBC,3,9.31,OBC,0,F,Manufacturing,5500,Metro,0.7224471236098517
I019,S00850,OBC,4,8.91,OBC,0,F,Manufacturing,5500,Metro,0.7184915475454042
I019,S01237,UR,5,8.92,GEN,1,F,Manufacturing,5500,Metro,0.7220942866830226
I019,S01045,UR,6,8.75,GEN,1,M,Manufacturing,5500,Metro,0.7220942866830226
I019,S00984,UR,7,9.69,GEN,0,M,Manufacturing,5500,Metro,0.7198756012909853
I019,S01561,UR,8,9.97,GEN,0,M,Manufacturing,5500,Metro,0.716134249859251
I019,S00540,RURAL,9,8.9,OBC,1,F,Manufacturing,5500,Metro,0.7150789096081187
I020,S01803,SC,1,9.23,SC,0,M,Research,4500,Metro,0.19496427945670972
I020,S01590,ST,2,7.95,ST,0,M,Research,4500,Metro,0.1980083316014674
I020,S01293,OBC,3,7.46,OBC,0,M,Research,4500,Metro,0.2452244249880712
I020,S00324,UR,4,7.47,OBC,0,F,Research,4500,Metro,0.21876096790371802
I020,S01071,UR,5,8.88,OBC,0,M,Research,4500,Metro,0.19442089934990445
I020,S00888,UR,6,8.96,GEN,0,M,Research,4500,Metro,0.1900927806907085
I020,S00365,RURAL,7,7.84,GEN,1,F,Research,4500,Metro,0.18429083121312145
I021,S00822,SC,1,7.39,SC,1,F,Research,4500,Tier2,0.4362123130939158
I021,S01043,ST,2,7.6,ST,0,M,Research,4500,Tier2,0.40707665589589814
I021,S00339,OBC,3,8.34,OBC,0,M,Research,4500,Tier2,0.5423494751709635
I021,S01181,OBC,4,7.49,OBC,0,F,Research,4500,Tier2,0.5349085304048823
I021,S01310,OBC,5,8.17,OBC,1,M,Research,4500,Tier2,0.5248324365940079
I021,S01073,UR,6,8.74,GEN,1,M,Research,4500,Tier2,0.5471208279950281
I021,S00578,UR,7,7.85,GEN,0,M,Research,4500,Tier2,0.5431222235331941
I021,S01860,UR,8,8.46,GEN,0,O,Research,4500,Tier2,0.5295757322372575
I021,S01440,UR,9,8.23,GEN,0,M,Research,4500,Tier2,0.5194163799605949
I021,S00650,UR,10,7.94,OBC,0,F,Research,4500,Tier2,0.5040993161828594
I021,S01685,UR,11,7.94,GEN,1,M,Research,4500,Tier2,0.4847008527850344
I021,S00007,UR,12,9.43,OBC,1,M,Research,4500,Tier2,0.4772723747710754
I021,S00058,RURAL,13,8.28,GEN,1,M,Research,4500,Tier2,0.4326507136175824
I022,S00133,SC,1,7.64,SC,1,M,Healthcare,4500,Metro,0.5250062072048286
I022,S01750,ST,2,8.5,ST,1,M,Healthcare,4500,Metro,0.4666181466742815
I022,S01514,OBC,3,8.17,OBC,1,F,Healthcare,4500,Metro,0.55499599933418
I022,S01796,OBC,4,8.3,OBC,1,F,Healthcare,4500,Metro,0.5481714993162741
I022,S00405,UR,5,8.43,OBC,0,F,Healthcare,4500,Metro,0.5442420701832614
I022,S00132,UR,6,7.85,GEN,0,M,Healthcare,4500,Metro,0.5431222235331941
I022,S01311,UR,7,8.12,OBC,0,M,Healthcare,4500,Metro,0.5423494751709635
I022,S01347,UR,8,7.87,GEN,0,F,Healthcare,4500,Metro,0.5389249943377198
I022,S01052,UR,9,8.71,OBC,1,M,Healthcare,4500,Metro,0.5372524733681217
I022,S01725,UR,10,8.0,OBC,0,F,Healthcare,4500,Metro,0.5334897003652479
I022,S00507,RURAL,11,8.05,GEN,1,M,Healthcare,4500,Metro,0.5317944848944551
I023,S01383,SC,1,10.0,SC,0,M,Research,5000,Metro,0.43886054102421124
I023,S01945,ST,2,9.56,ST,1,M,Research,5000,Metro,0.3736844486474476
I023,S01958,OBC,3,9.86,OBC,0,F,Research,5000,Metro,0.42794770166957424
I023,S01585,OBC,4,9.75,OBC,0,M,Research,5000,Metro,0.42794770166957424
I023,S01854,UR,5,9.34,GEN,1,M,Research,5000,Metro,0.43977491939445373
I023,S00825,UR,6,9.61,GEN,1,M,Research,5000,Metro,0.4337948044764312
I023,S00543,UR,7,9.81,GEN,0,F,Research,5000,Metro,0.42794770166957424
I023,S01950,UR,8,9.51,GEN,1,M,Research,5000,Metro,0.4243605380355207
I023,S01627,UR,9,9.59,GEN,1,F,Research,5000,Metro,0.4243605380355207
I023,S01504,UR,10,9.34,SC,1,F,Research,5000,Metro,0.4198150462902456
I023,S01284,RURAL,11,9.38,SC,1,F,Research,5000,Metro,0.40853169558451263
I024,S00165,SC,1,8.82,SC,0,F,IT,5500,Tier3,0.5054335960777931
I024,S01583,ST,2,9.16,ST,0,M,IT,5500,Tier3,0.35709947239506756
I024,S01393,OBC,3,9.2,OBC,0,M,IT,5500,Tier3,0.489389050619619
I024,S00227,OBC,4,9.55,OBC,1,M,IT,5500,Tier3,0.4738729622000482
I024,S00571,OBC,5,8.82,OBC,0,F,IT,5500,Tier3,0.42610613669372516
I024,S00875,UR,6,9.14,GEN,1,M,IT,5500,Tier3,0.4784535507576042
I024,S01662,UR,7,9.87,SC,0,F,IT,5500,Tier3,0.4019570120373768
I024,S00646,UR,8,9.94,GEN,0,M,IT,5500,Tier3,0.4019570120373768
I024,S01206,UR,9,9.27,SC,0,M,IT,5500,Tier3,0.40126559805714684
I024,S00702,UR,10,9.27,GEN,0,F,IT,5500,Tier3,0.40126559805714684
I024,S00201,UR,11,9.25,GEN,0,M,IT,5500,Tier3,0.40126559805714684
I024,S01522,UR,12,8.85,GEN,0,M,IT,5500,Tier3,0.39789765873267785
I024,S01946,RURAL,13,9.52,OBC,1,M,IT,5500,Tier3,0.394596610695975
I025,S01210,SC,1,7.8,SC,0,F,Finance,4500,Metro,0.5720484187356817
I025,S01577,ST,2,7.28,ST,0,M,Finance,4500,Metro,0.5176478075282864
I025,S01358,OBC,3,7.49,OBC,1,F,Finance,4500,Metro,0.5665731392943393
I025,S01009,UR,4,8.73,SC,0,F,Finance,4500,Metro,0.5643666268740899
I025,S00006,UR,5,7.57,GEN,0,M,Finance,4500,Metro,0.5515504406797143
I025,S01075,UR,6,8.47,OBC,0,F,Finance,4500,Metro,0.5421972256006697
I025,S01589,RURAL,7,7.23,SC,1,O,Finance,4500,Metro,0.5090470430325599
I026,S00967,SC,1,9.26,SC,0,M,Govt,5000,Tier2,0.412892832117832
I026,S00291,ST,2,7.4,ST,1,O,Govt,5000,Tier2,0.3770261121036536
I026,S01398,OBC,3,9.22,OBC,0,F,Govt,5000,Tier2,0.39892847150055943
I026,S01033,OBC,4,9.33,OBC,0,F,Govt,5000,Tier2,0.3923385480337026
I026,S00290,UR,5,9.1,GEN,0,M,Govt,5000,Tier2,0.4680680500999193
I026,S00809,UR,6,9.28,GEN,0,F,Govt,5000,Tier2,0.412892832117832
I026,S00033,UR,7,9.53,GEN,0,O,Govt,5000,Tier2,0.4029093488460902
I026,S00593,UR,8,9.14,SC,0,M,Govt,5000,Tier2,0.40279268797149437
I026,S01388,RURAL,9,9.2,GEN,1,O,Govt,5000,Tier2,0.3959423952870493
I027,S00712,SC,1,8.11,SC,1,F,Manufacturing,5000,Tier2,0.7138899272287678
I027,S01617,ST,2,7.74,ST,0,M,Manufacturing,5000,Tier2,0.6964620032344394
I027,S01332,OBC,3,8.92,OBC,1,F,Manufacturing,5000,Tier2,0.7150789096081187
I027,S00407,OBC,4,8.64,OBC,1,M,Manufacturing,5000,Tier2,0.7150789096081187
I027,S01783,UR,5,8.75,GEN,1,M,Manufacturing,5000,Tier2,0.7220942866830226
I027,S01800,UR,6,8.49,GEN,1,F,Manufacturing,5000,Tier2,0.7220942866830226
I027,S01344,UR,7,8.47,GEN,1,M,Manufacturing,5000,Tier2,0.7220942866830226
I027,S01469,UR,8,8.24,GEN,1,M,Manufacturing,5000,Tier2,0.7220942866830226
I027,S01492,UR,9,9.28,GEN,0,M,Manufacturing,5000,Tier2,0.7173489048013174
I027,S01852,UR,10,8.08,OBC,1,M,Manufacturing,5000,Tier2,0.7138899272287678
I027,S00317,RURAL,11,9.47,SC,1,M,Manufacturing,5000,Tier2,0.6990654974469611
I028,S01865,SC,1,7.76,SC,1,F,IT,4500,Tier3,0.2580606371973758
I028,S00546,ST,2,7.61,ST,0,M,IT,4500,Tier3,0.17682933584919303
I028,S00693,OBC,3,7.54,OBC,1,M,IT,4500,Tier3,0.26686277301167743
I028,S01812,OBC,4,7.5,OBC,1,O,IT,4500,Tier3,0.26393043362054297
I028,S00082,UR,5,7.74,GEN,0,M,IT,4500,Tier3,0.36222232078516964
I028,S01451,UR,6,7.42,GEN,1,M,IT,4500,Tier3,0.31581887910459877
I028,S01902,UR,7,7.31,GEN,1,F,IT,4500,Tier3,0.2941510421361829
I028,S01977,UR,8,7.49,OBC,1,F,IT,4500,Tier3,0.24514564150774962
I028,S00013,UR,9,7.21,GEN,0,F,IT,4500,Tier3,0.21195598360178428
I028,S01703,UR,10,8.21,SC,0,M,IT,4500,Tier3,0.18511577489740857
I028,S01645,RURAL,11,8.45,SC,1,F,IT,4500,Tier3,0.17994440301805248
I029,S01137,SC,1,8.23,SC,0,M,IT,5500,Tier3,0.6748003615147308
I029,S01240,ST,2,8.66,ST,0,F,IT,5500,Tier3,0.5428467472412832
I029,S01519,OBC,3,8.25,OBC,0,M,IT,5500,Tier3,0.6912840656873167
I029,S01951,OBC,4,8.24,OBC,0,O,IT,5500,Tier3,0.6748003615147308
I029,S01419,UR,5,8.72,GEN,0,F,IT,5500,Tier3,0.7063392259482054
I029,S01903,UR,6,8.77,GEN,0,M,IT,5500,Tier3,0.6980313820352543
I029,S00508,UR,7,8.2,GEN,0,M,IT,5500,Tier3,0.6877497805796617
I029,S00917,UR,8,8.56,GEN,1,M,IT,5500,Tier3,0.679773162032415
I029,S01714,RURAL,9,8.35,OBC,1,M,IT,5500,Tier3,0.6667208128325662
I030,S00976,SC,1,8.11,SC,0,O,Research,5500,Tier3,0.6737030254342856
I030,S01701,ST,2,7.3,ST,1,F,Research,5500,Tier3,0.38618159213982317
I030,S00580,OBC,3,9.41,OBC,0,F,Research,5500,Tier3,0.6823090660095594
I030,S01655,OBC,4,8.38,OBC,0,F,Research,5500,Tier3,0.653036685595146
I030,S00337,UR,5,8.64,GEN,1,M,Research,5500,Tier3,0.6634399631605666
I030,S01909,UR,6,8.04,GEN,0,F,Research,5500,Tier3,0.6559600181399967
I030,S00858,UR,7,8.77,GEN,0,F,Research,5500,Tier3,0.6522054023825482
I030,S00492,UR,8,9.56,GEN,0,M,Research,5500,Tier3,0.647289924608298
I030,S01423,RURAL,9,7.69,GEN,1,M,Research,5500,Tier3,0.6415073786282881
I031,S01847,SC,1,9.36,SC,0,M,IT,5500,Tier2,0.6461063241501727
I031,S01370,ST,2,9.27,ST,0,M,IT,5500,Tier2,0.3783246586399202
I031,S01242,OBC,3,8.59,OBC,0,M,IT,5500,Tier2,0.6835691794620915
I031,S01259,OBC,4,8.08,OBC,1,M,IT,5500,Tier2,0.6821010709917631
I031,S01458,OBC,5,8.44,OBC,0,M,IT,5500,Tier2,0.6458457628624003
I031,S01948,UR,6,7.55,GEN,1,M,IT,5500,Tier2,0.6586653096743881
I031,S01525,UR,7,7.68,GEN,0,M,IT,5500,Tier2,0.6504024893275265
I031,S00629,UR,8,9.43,GEN,0,M,IT,5500,Tier2,0.647289924608298
I031,S00770,UR,9,9.55,GEN,0,M,IT,5500,Tier2,0.647289924608298
I031,S01207,UR,10,7.66,GEN,0,M,IT,5500,Tier2,0.6336079130723378
I031,S00009,UR,11,7.8,GEN,0,M,IT,5500,Tier2,0.6335382453624325
I031,S01117,UR,12,7.71,GEN,0,M,IT,5500,Tier2,0.6309193331342843
I031,S01820,RURAL,13,7.62,GEN,1,M,IT,5500,Tier2,0.5929215407269078
I032,S00903,SC,1,8.2,SC,0,M,Finance,5000,Tier2,0.6890146721221713
I032,S01634,ST,2,8.29,ST,0,M,Finance,5000,Tier2,0.5855507527074499
I032,S01417,OBC,3,8.74,OBC,0,M,Finance,5000,Tier2,0.6980313820352543
I032,S01095,OBC,4,8.14,OBC,0,M,Finance,5000,Tier2,0.6735128653694672
I032,S01641,UR,5,8.98,GEN,0,M,Finance,5000,Tier2,0.6933755416248517
I032,S00089,UR,6,8.18,GEN,1,M,Finance,5000,Tier2,0.6880778992504145
I032,S01521,UR,7,9.04,SC,1,F,Finance,5000,Tier2,0.6875464861043894
I032,S00964,UR,8,9.47,GEN,0,F,Finance,5000,Tier2,0.6759517380150138
I032,S00661,RURAL,9,7.41,GEN,1,F,Finance,5000,Tier2,0.6133699684505325
I033,S00161,SC,1,9.48,SC,1,M,Govt,5000,Metro,0.38783660735103254
I033,S01671,ST,2,9.11,ST,0,M,Govt,5000,Metro,0.41795684983829956
I033,S00851,OBC,3,9.14,OBC,1,M,Govt,5000,Metro,0.3835875721572073
I033,S01222,UR,4,9.47,OBC,1,F,Govt,5000,Metro,0.382945884974066
I033,S00559,UR,5,9.29,GEN,0,M,Govt,5000,Metro,0.3799974393502199
I033,S00192,UR,6,9.29,GEN,0,M,Govt,5000,Metro,0.3756533109582468
I033,S01823,RURAL,7,9.4,ST,1,M,Govt,5000,Metro,0.3646474725825361
I034,S01001,SC,1,7.48,SC,0,F,IT,4500,Tier3,0.37345965176037055
I034,S00329,ST,2,7.58,ST,0,M,IT,4500,Tier3,0.5500314022779046
I034,S01285,OBC,3,9.16,OBC,0,M,IT,4500,Tier3,0.6043734264043172
I034,S00395,OBC,4,8.78,OBC,1,F,IT,4500,Tier3,0.5319849333740861
I034,S01126,OBC,5,8.78,OBC,1,F,IT,4500,Tier3,0.5319849333740861
I034,S01157,UR,6,7.61,OBC,1,F,IT,4500,Tier3,0.5016163104613233
I034,S01919,UR,7,8.56,GEN,1,F,IT,4500,Tier3,0.4326507136175824
I034,S01806,UR,8,8.39,GEN,0,F,IT,4500,Tier3,0.42233569285861267
I034,S00470,UR,9,8.45,OBC,1,F,IT,4500,Tier3,0.41676755657333575
I034,S00537,UR,10,8.32,OBC,0,M,IT,4500,Tier3,0.4139228715210919
I034,S01965,UR,11,7.37,GEN,0,F,IT,4500,Tier3,0.4110384668134041
I034,S00849,UR,12,6.88,OBC,1,F,IT,4500,Tier3,0.38893604409795074
I034,S01120,RURAL,13,7.52,GEN,1,M,IT,4500,Tier3,0.38037091837675424
I035,S00205,SC,1,9.28,SC,0,M,Research,5000,Metro,0.37806331673154236
I035,S00493,ST,2,7.56,ST,0,F,Research,5000,Metro,0.2944298776409358
I035,S01605,OBC,3,8.87,OBC,0,F,Research,5000,Metro,0.3715570886382083
I035,S01884,OBC,4,8.83,OBC,0,F,Research,5000,Metro,0.3490074742003849
I035,S00564,UR,5,9.09,GEN,0,M,Research,5000,Metro,0.47234092867821276
I035,S01743,UR,6,8.83,GEN,0,M,Research,5000,Metro,0.3948133195505877
I035,S01142,UR,7,9.08,GEN,0,O,Research,5000,Metro,0.38011491582991813
I035,S01175,UR,8,9.18,SC,0,F,Research,5000,Metro,0.37039826065360804
I035,S00348,UR,9,9.19,GEN,0,M,Research,5000,Metro,0.37039826065360804
I035,S01720,UR,10,9.63,GEN,0,M,Research,5000,Metro,0.3694766336035251
I035,S01221,RURAL,11,9.27,GEN,1,F,Research,5000,Metro,0.36663569717990424
I036,S01099,SC,1,8.45,SC,0,F,Healthcare,5500,Tier2,0.6875735707354483
I036,S01787,ST,2,6.87,ST,0,M,Healthcare,5500,Tier2,0.6127571040652697
I036,S00645,OBC,3,8.35,OBC,0,M,Healthcare,5500,Tier2,0.7059076522205741
I036,S01110,OBC,4,8.57,OBC,1,F,Healthcare,5500,Tier2,0.6779297820592256
I036,S01272,UR,5,8.4,GEN,0,F,Healthcare,5500,Tier2,0.6983728344010536
I036,S01767,UR,6,8.89,GEN,1,M,Healthcare,5500,Tier2,0.693735339151223
I036,S01442,UR,7,7.38,GEN,1,M,Healthcare,5500,Tier2,0.6914173277074789
I036,S00414,UR,8,8.92,GEN,0,F,Healthcare,5500,Tier2,0.689530438606383
I036,S00924,RURAL,9,8.07,GEN,1,F,Healthcare,5500,Tier2,0.6825508974337774
I037,S01035,SC,1,8.78,SC,0,F,Finance,5500,Tier3,0.3210026732162498
I037,S00994,ST,2,9.05,ST,0,F,Finance,5500,Tier3,0.2967894145987438
I037,S00723,OBC,3,8.89,OBC,0,M,Finance,5500,Tier3,0.3752307889679944
I037,S00934,UR,4,9.24,GEN,0,M,Finance,5500,Tier3,0.36528654305380315
I037,S01260,UR,5,8.95,GEN,0,M,Finance,5500,Tier3,0.36079649076516357
I037,S00416,UR,6,9.13,GEN,0,M,Finance,5500,Tier3,0.352687817959061
I037,S00662,RURAL,7,9.23,GEN,1,F,Finance,5500,Tier3,0.34342082710059246
I038,S00746,SC,1,7.51,SC,0,O,Manufacturing,5000,Metro,0.3276965372936361
I038,S01180,ST,2,7.53,ST,1,M,Manufacturing,5000,Metro,0.2533465759317261
I038,S01426,OBC,3,9.59,OBC,0,M,Manufacturing,5000,Metro,0.34549154766664375
I038,S00699,OBC,4,9.07,OBC,0,M,Manufacturing,5000,Metro,0.34009131892262234
I038,S00023,UR,5,9.57,GEN,0,F,Manufacturing,5000,Metro,0.4095497258031979
I038,S00435,UR,6,8.8,GEN,0,F,Manufacturing,5000,Metro,0.3704912857393135
I038,S01868,UR,7,7.56,GEN,1,F,Manufacturing,5000,Metro,0.35659256778131493
I038,S00364,UR,8,9.63,GEN,0,M,Manufacturing,5000,Metro,0.35356960399975446
I038,S00926,UR,9,9.56,GEN,0,F,Manufacturing,5000,Metro,0.3446602096746061
I038,S01411,UR,10,9.15,GEN,0,M,Manufacturing,5000,Metro,0.3352579587190206
I038,S00665,RURAL,11,9.04,OBC,1,F,Manufacturing,5000,Metro,0.33295538913326
I039,S00981,SC,1,9.36,SC,1,M,Finance,5000,Tier3,0.31848290098780013
I039,S00151,ST,2,9.56,ST,0,M,Finance,5000,Tier3,0.2742493882701799
I039,S01547,OBC,3,9.05,OBC,0,M,Finance,5000,Tier3,0.3346655226504208
I039,S00368,OBC,4,8.8,OBC,0,M,Finance,5000,Tier3,0.32855265171134046
I039,S01762,OBC,5,9.35,OBC,1,M,Finance,5000,Tier3,0.31848290098780013
I039,S01032,UR,6,9.17,GEN,0,M,Finance,5000,Tier3,0.3332174993034754
I039,S01149,UR,7,9.11,GEN,0,F,Finance,5000,Tier3,0.3315580953758189
I039,S00550,UR,8,9.07,GEN,0,O,Finance,5000,Tier3,0.3315580953758189
I039,S00848,UR,9,9.17,GEN,0,M,Finance,5000,Tier3,0.3315580953758189
I039,S01526,UR,10,9.62,GEN,1,M,Finance,5000,Tier3,0.3259253379467431
I039,S00005,UR,11,9.4,GEN,0,M,Finance,5000,Tier3,0.32022268407531057
I039,S01391,UR,12,9.35,GEN,1,F,Finance,5000,Tier3,0.31848290098780013
I039,S01230,RURAL,13,9.64,OBC,1,M,Finance,5000,Tier3,0.31023682276001535
I040,S01711,SC,1,9.57,SC,0,M,Research,5500,Tier2,0.32769488346664766
I040,S00722,ST,2,7.64,ST,0,F,Research,5500,Tier2,0.25000180298178043
I040,S00481,OBC,3,9.03,OBC,0,M,Research,5500,Tier2,0.33281800152693897
I040,S00175,UR,4,7.61,GEN,0,M,Research,5500,Tier2,0.6534127278596625
I040,S01968,UR,5,6.59,GEN,1,M,Research,5500,Tier2,0.350548355463633
I040,S01274,UR,6,9.58,GEN,0,M,Research,5500,Tier2,0.34464499638176105
I040,S01728,RURAL,7,9.5,OBC,1,F,Research,5500,Tier2,0.30094842298769625
